number,summary,implementer,approver,approved_at,implemented_at
CHG-1017,Remove DNS record,dev-amara,cab-rosa,2026-05-21T16:30,2026-05-22T05:45
CHG-1018,Renew api cert,ops-kofi,cab-rosa,2026-05-24T10:00,2026-05-25T06:30
CHG-1019,VPN MFA group,ops-sam,ops-sam,2026-05-27T09:45,2026-05-28T10:00
CHG-1020,Deploy booking app,dev-noor,cab-tom,2026-05-30T08:45,2026-05-31T13:45
CHG-1021,Patch OpenSSH,dev-amara,cab-rosa,2026-06-03T05:45,2026-06-04T14:00
CHG-1022,Backup schedule,dev-amara,cab-rosa,2026-06-07T01:45,2026-06-08T18:00
CHG-1023,Raise DB pool size,dev-amara,cab-rosa,2026-06-10T00:15,2026-06-11T20:00
CHG-1024,Deploy booking app,dev-noor,cab-rosa,2026-06-15T10:45,2026-06-15T22:30
CHG-1025,VPN MFA group,dev-amara,cab-rosa,2026-06-19T15:30,2026-06-20T02:00
CHG-1026,Raise DB pool size,ops-kofi,,,2026-06-24T05:15
CHG-1027,Raise DB pool size,dev-amara,ops-sam,2026-06-26T15:15,2026-06-27T11:45
