host,patch,released,installed
web-01,KB-A,2026-01-13,2026-01-15
web-02,KB-A,2026-01-13,2026-01-16
web-03,KB-A,2026-01-13,2026-01-17
web-04,KB-A,2026-01-13,2026-01-18
web-05,KB-A,2026-01-13,2026-01-19
web-06,KB-A,2026-01-13,2026-01-15
vpn-01,KB-A,2026-01-13,2026-01-16
vpn-02,KB-A,2026-01-13,2026-01-17
mail-01,KB-A,2026-01-13,2026-01-18
api-01,KB-A,2026-01-13,2026-01-19
web-01,KB-B,2026-02-10,2026-02-12
web-02,KB-B,2026-02-10,2026-02-13
web-03,KB-B,2026-02-10,2026-02-14
web-04,KB-B,2026-02-10,2026-02-15
web-05,KB-B,2026-02-10,2026-02-16
web-06,KB-B,2026-02-10,2026-02-17
vpn-01,KB-B,2026-02-10,2026-02-12
vpn-02,KB-B,2026-02-10,2026-03-20
mail-01,KB-B,2026-02-10,2026-02-14
api-01,KB-B,2026-02-10,2026-02-15
web-01,KB-C,2026-03-10,2026-03-12
web-02,KB-C,2026-03-10,2026-03-13
web-03,KB-C,2026-03-10,2026-03-14
web-04,KB-C,2026-03-10,2026-03-15
web-05,KB-C,2026-03-10,
web-06,KB-C,2026-03-10,
vpn-01,KB-C,2026-03-10,2026-03-13
vpn-02,KB-C,2026-03-10,2026-03-14
mail-01,KB-C,2026-03-10,
api-01,KB-C,2026-03-10,2026-03-16
